Bin,Phylum,Class,Order,Family,Genus,Species,Distance
bin_361,p__Firmicutes,c__Tissierellia,o__Tissierellales,f__Tissierellaceae,g__Tissierella,s__Tissierella_creatinophila,0.339586
bin_15,p__Proteobacteria,c__Betaproteobacteria,o__Burkholderiales,f__Comamonadaceae,g__Acidovorax,s__Acidovorax_sp_GW101_3H11,0.191731
bin_180,p__Bacteroidetes,c__CFGB2107,o__OFGB2107,f__FGB2107,g__GGB6000,s__GGB6000_SGB8623,0.287309
bin_177,p__Actinobacteria,c__Actinobacteria,o__Propionibacteriales,f__Propionibacteriaceae,g__Propionibacterium,s__Propionibacterium_acidifaciens,0.2661355
bin_277,p__Bacteroidetes,c__Bacteroidia,o__Bacteroidales,f__Prevotellaceae,g__GGB1234,s__GGB1234_SGB1613,0.103175463
bin_129,p__Firmicutes,c__Clostridia,o__Clostridiales,f__Clostridiaceae,g__Alkaliphilus,s__Alkaliphilus_metalliredigens,0.35328
bin_320,p__Proteobacteria,c__Alphaproteobacteria,o__Rickettsiales,f__Rickettsiaceae,g__Rickettsia,s__Rickettsia_typhi,0.372583
bin_372,p__Firmicutes,c__Clostridia,o__Clostridiales,f__Ruminococcaceae,g__Faecalibacterium,s__Faecalibacterium_SGB15340,0.274507137
bin_258,p__Firmicutes,c__Clostridia,o__Clostridiales,f__Ruminococcaceae,g__GGB3240,s__GGB3240_SGB4280,0.07507193
bin_211,p__Firmicutes,c__Negativicutes,o__Veillonellales,f__Veillonellaceae,g__Dialister,s__Dialister_invisus,0.047821164
bin_96,p__Bacteroidetes,c__Bacteroidia,o__Bacteroidales,f__Bacteroidales_unclassified,g__Bacteroidales_unclassified,s__Bacteroidales_bacterium_CF,0.224525
bin_52,p__Bacteroidetes,c__CFGB971,o__OFGB971,f__FGB971,g__GGB2571,s__GGB2571_SGB3484,0.320287
bin_117,p__Firmicutes,c__Erysipelotrichia,o__Erysipelotrichales,f__Erysipelotrichaceae,g__Holdemanella,s__Holdemanella_SGB6796,0.283386823
bin_92,p__Proteobacteria,c__Betaproteobacteria,o__Neisseriales,f__Neisseriaceae,g__Alysiella,s__Alysiella_filiformis,0.283502
bin_217,p__Firmicutes,c__Clostridia,o__Clostridiales,f__Clostridiales_unclassified,g__Clostridiales_unclassified,s__Clostridiales_bacterium_KLE1615,0.074212034
bin_256,p__Firmicutes,c__Clostridia,o__Clostridiales,f__Eubacteriaceae,g__Eubacterium,s__Eubacterium_ventriosum,0.320734319
bin_309,p__Firmicutes,c__Clostridia,o__Clostridiales,f__Ruminococcaceae,g__Gemmiger,s__Gemmiger_sp_An50,0.245371
bin_87,p__Proteobacteria,c__Gammaproteobacteria,o__Aeromonadales,f__Aeromonadaceae,g__Tolumonas,s__Tolumonas_auensis,0.291447
bin_188,p__Bacteroidetes,c__Bacteroidia,o__Bacteroidales,f__Prevotellaceae,g__Prevotella,s__Prevotella_bryantii,0.3116812
bin_163,p__Bacteroidetes,c__Bacteroidia,o__Bacteroidales,f__Bacteroidaceae,g__Bacteroides,s__Bacteroides_ovatus,0.077543026
bin_63,p__Proteobacteria,c__Betaproteobacteria,o__Neisseriales,f__Neisseriaceae,g__Neisseria,s__Neisseria_dentiae,0.215885
bin_304,p__Actinobacteria,c__Actinobacteria,o__Micrococcales,f__Intrasporangiaceae,g__Tetrasphaera,s__Tetrasphaera_australiensis,0.320287
bin_324,p__Proteobacteria,c__Betaproteobacteria,o__Neisseriales,f__Neisseriaceae,g__Neisseria,s__Neisseria_SGB9458,0.372583
bin_162,p__Firmicutes,c__Clostridia,o__Clostridiales,f__Lachnospiraceae,g__Anaerostipes,s__Anaerostipes_hadrus,0.034698915
bin_271,p__Actinobacteria,c__Actinobacteria,o__Geodermatophilales,f__Geodermatophilaceae,g__Klenkia,s__Klenkia_soli,0.35328
bin_310,p__Proteobacteria,c__Betaproteobacteria,o__Neisseriales,f__Neisseriaceae,g__Neisseria,s__Neisseria_weaveri,0.372583
bin_153,p__Proteobacteria,c__Betaproteobacteria,o__Burkholderiales,f__Burkholderiales_unclassified,g__Aquabacterium,s__Aquabacterium_sp_NJ1,0.213325
bin_182,p__Proteobacteria,c__Betaproteobacteria,o__Burkholderiales,f__Comamonadaceae,g__Ramlibacter,s__Ramlibacter_tataouinensis,0.372583
bin_358,p__Bacteroidetes,c__Bacteroidia,o__Bacteroidales,f__Bacteroidaceae,g__Bacteroides,s__Bacteroides_SGB1869,0.220489
bin_191,p__Bacteroidetes,c__Bacteroidia,o__Bacteroidales,f__Williamwhitmaniaceae,g__Williamwhitmania,s__Williamwhitmania_taraxaci,0.339586
bin_327,p__Bacteroidetes,c__Flavobacteriia,o__Flavobacteriales,f__Flavobacteriaceae,g__Chryseobacterium,s__Chryseobacterium_haifense,0.23011
bin_190,p__Proteobacteria,c__Betaproteobacteria,o__Neisseriales,f__Neisseriaceae,g__Snodgrassella,s__Snodgrassella_alvi,0.320287
bin_8,p__Proteobacteria,c__Gammaproteobacteria,o__Enterobacterales,f__Enterobacteriaceae,g__Klebsiella,s__Klebsiella_pneumoniae,0.033770015
bin_232,p__Proteobacteria,c__Gammaproteobacteria,o__Aeromonadales,f__Aeromonadaceae,g__Tolumonas,s__Tolumonas_auensis,0.256381
bin_95,p__Firmicutes,c__CFGB1334,o__OFGB1334,f__FGB1334,g__GGB3232,s__GGB3232_SGB4269,0.026188633
bin_101,p__Firmicutes,c__Bacilli,o__Lactobacillales,f__Streptococcaceae,g__Lactococcus,s__Lactococcus_raffinolactis,0.017057033
bin_187,p__Bacteroidetes,c__Bacteroidia,o__Bacteroidales,f__Rikenellaceae,g__Alistipes,s__Alistipes_finegoldii,0.073573212
bin_230,p__Bacteroidetes,c__Bacteroidia,o__Bacteroidales,f__Paludibacteraceae,g__Paludibacter,s__Paludibacter_propionicigenes,0.328965
bin_156,p__Proteobacteria,c__Betaproteobacteria,o__Burkholderiales,f__Comamonadaceae,g__Brachymonas,s__Brachymonas_denitrificans,0.26546
bin_195,p__Bacteroidetes,c__Bacteroidia,o__Bacteroidales,f__Odoribacteraceae,g__Odoribacter,s__Odoribacter_splanchnicus,0.065296227
bin_359,p__Proteobacteria,c__Betaproteobacteria,o__Burkholderiales,f__Comamonadaceae,g__Ramlibacter,s__Ramlibacter_tataouinensis,0.306598
bin_125,p__Firmicutes,c__Clostridia,o__Clostridiales,f__Lachnospiraceae,g__Lachnoclostridium,s__Clostridium_saccharolyticum,0.291447
bin_238,p__Proteobacteria,c__Betaproteobacteria,o__Burkholderiales,f__Comamonadaceae,g__Acidovorax,s__Acidovorax_carolinensis,0.1868315
bin_318,p__Proteobacteria,c__Gammaproteobacteria,o__Aeromonadales,f__Aeromonadaceae,g__Tolumonas,s__Tolumonas_auensis,0.279978
bin_375,p__Proteobacteria,c__Gammaproteobacteria,o__Aeromonadales,f__Aeromonadaceae,g__Tolumonas,s__Tolumonas_auensis,0.279978
bin_379,p__Bacteroidetes,c__Bacteroidia,o__Bacteroidales,f__Bacteroidaceae,g__Bacteroides,s__Bacteroides_SGB1918,0.245371
bin_323,p__Firmicutes,c__Negativicutes,o__Selenomonadales,f__Selenomonadaceae,g__GGB4315,s__GGB4315_SGB5910,0.121785179
bin_252,p__Proteobacteria,c__Gammaproteobacteria,o__Pseudomonadales,f__Moraxellaceae,g__Moraxella,s__Moraxella_osloensis,0.17408116
bin_59,p__Bacteroidetes,c__Bacteroidia,o__Bacteroidales,f__Prevotellaceae,g__Prevotella,s__Prevotella_copri,0.042510866
bin_283,p__Proteobacteria,c__Alphaproteobacteria,o__Rhodobacterales,f__Rhodobacteraceae,g__Paracoccus,s__Paracoccus_aminovorans,0.300994
bin_355,p__Bacteroidetes,c__Bacteroidia,o__Bacteroidales,f__Prevotellaceae,g__Prevotella,s__Prevotella_SGB1652,0.127747
bin_19,p__Proteobacteria,c__Betaproteobacteria,o__Neisseriales,f__Chromobacteriaceae,g__Laribacter,s__Laribacter_hongkongensis,0.02309125
bin_307,p__Proteobacteria,c__Gammaproteobacteria,o__Pseudomonadales,f__Moraxellaceae,g__Acinetobacter,s__Acinetobacter_bouvetii,0.339586
bin_229,p__Proteobacteria,c__Betaproteobacteria,o__Burkholderiales,f__Burkholderiaceae,g__GGB8267,s__GGB8267_SGB12643,0.283502
bin_170,p__Firmicutes,c__Clostridia,o__Clostridiales,f__Ruminococcaceae,g__Gemmiger,s__Gemmiger_SGB15301,0.339586
bin_139,p__Proteobacteria,c__Betaproteobacteria,o__Burkholderiales,f__Comamonadaceae,g__Alicycliphilus,s__Alicycliphilus_denitrificans,0.16159675
bin_106,p__Bacteroidetes,c__Bacteroidia,o__Bacteroidales,f__Dysgonamonadaceae,g__Dysgonamonadaceae_unclassified,s__Dysgonamonadaceae_bacterium,0.306598
bin_351,p__Proteobacteria,c__Alphaproteobacteria,o__Rhizobiales,f__Rhizobiales_unclassified,g__Candidatus_Hodgkinia,s__Candidatus_Hodgkinia_cicadicola,0.372583
bin_197,p__Bacteroidetes,c__Bacteroidia,o__Bacteroidales,f__Bacteroidaceae,g__Bacteroides,s__Bacteroides_graminisolvens,0.2141935
bin_121,p__Firmicutes,c__CFGB1451,o__OFGB1451,f__FGB1451,g__GGB3628,s__GGB3628_SGB4914,0.033472998
bin_40,p__Proteobacteria,c__Betaproteobacteria,o__Rhodocyclales,f__Zoogloeaceae,g__Thauera,s__Thauera_propionica,0.247037
bin_293,p__Proteobacteria,c__Gammaproteobacteria,o__Aeromonadales,f__Aeromonadaceae,g__Tolumonas,s__Tolumonas_auensis,0.295981
bin_38,p__Proteobacteria,c__Betaproteobacteria,o__Neisseriales,f__Neisseriaceae,g__Neisseria,s__Neisseria_shayeganii,0.207842
bin_136,p__Firmicutes,c__Clostridia,o__Clostridiales,f__Ruminococcaceae,g__Faecalibacterium,s__Faecalibacterium_prausnitzii,0.051604649
bin_331,p__Proteobacteria,c__Betaproteobacteria,o__Burkholderiales,f__Comamonadaceae,g__Acidovorax,s__Acidovorax_wautersii,0.312952
bin_205,p__Firmicutes,c__CFGB3072,o__OFGB3072,f__FGB3072,g__GGB9781,s__GGB9781_SGB15402,0.320287
bin_157,p__Firmicutes,c__CFGB1349,o__OFGB1349,f__FGB1349,g__GGB3293,s__GGB3293_SGB4348,0.023466372
bin_69,p__Proteobacteria,c__Deltaproteobacteria,o__Desulfovibrionales,f__Desulfovibrionaceae,g__GGB9822,s__GGB9822_SGB15463,0.153933143
bin_25,p__Actinobacteria,c__Actinobacteria,o__Micrococcales,f__Intrasporangiaceae,g__Tetrasphaera,s__Tetrasphaera_duodecadis,0.227796
bin_245,p__Proteobacteria,c__Betaproteobacteria,o__Burkholderiales,f__Comamonadaceae,g__Ramlibacter,s__Ramlibacter_tataouinensis,0.250557
bin_329,p__Proteobacteria,c__Epsilonproteobacteria,o__Campylobacterales,f__Campylobacteraceae,g__Arcobacter,s__Arcobacter_cryaerophilus,0.10807
bin_199,p__Actinobacteria,c__CFGB3793,o__OFGB3793,f__FGB3793,g__GGB11716,s__GGB11716_SGB18454,0.35328
bin_166,p__Bacteroidetes,c__Bacteroidia,o__Bacteroidales,f__Paludibacteraceae,g__Paludibacter,s__Paludibacter_propionicigenes,0.306598
bin_98,p__Bacteroidetes,c__Bacteroidia,o__Bacteroidales,f__Rikenellaceae,g__Alistipes,s__Alistipes_putredinis,0.020776433
bin_364,p__Proteobacteria,c__Betaproteobacteria,o__Burkholderiales,f__Burkholderiaceae,g__GGB8249,s__GGB8249_SGB12620,0.405585
bin_55,p__Firmicutes,c__Clostridia,o__Clostridiales,f__Lachnospiraceae,g__Roseburia,s__Roseburia_faecis,0.024728953
bin_37,p__Bacteroidetes,c__Flavobacteriia,o__Flavobacteriales,f__Flavobacteriaceae,g__Flavobacterium,s__Flavobacterium_sp_316,0.35328
bin_231,p__Proteobacteria,c__Betaproteobacteria,o__Burkholderiales,f__Comamonadaceae,g__Acidovorax,s__Acidovorax_carolinensis,0.179783
bin_270,p__Firmicutes,c__Tissierellia,o__Tissierellales,f__Peptoniphilaceae,g__Finegoldia,s__Finegoldia_SGB6690,0.35328
bin_45,p__Firmicutes,c__Clostridia,o__Clostridiales,f__Lachnospiraceae,g__Blautia,s__Ruminococcus_torques,0.008702098
bin_303,p__Proteobacteria,c__Gammaproteobacteria,o__Enterobacterales,f__Erwiniaceae,g__Buchnera,s__Buchnera_aphidicola,0.405585
bin_299,p__Proteobacteria,c__Betaproteobacteria,o__Burkholderiales,f__Comamonadaceae,g__Acidovorax,s__Acidovorax_sp_GW101_3H11,0.236445
bin_213,p__Firmicutes,c__CFGB1354,o__OFGB1354,f__FGB1354,g__GGB3304,s__GGB3304_SGB4367,0.060709512
bin_343,p__Proteobacteria,c__Gammaproteobacteria,o__Pseudomonadales,f__Moraxellaceae,g__Acinetobacter,s__Acinetobacter_towneri,0.183572
bin_285,p__Proteobacteria,c__Gammaproteobacteria,o__Pseudomonadales,f__Moraxellaceae,g__Acinetobacter,s__Acinetobacter_tjernbergiae,0.287309
bin_44,p__Proteobacteria,c__Betaproteobacteria,o__Neisseriales,f__Chromobacteriaceae,g__Aquaspirillum,s__Aquaspirillum_sp_LM1,0.235108
bin_266,p__Bacteroidetes,c__Flavobacteriia,o__Flavobacteriales,f__Flavobacteriaceae,g__GGB1843,s__GGB1843_SGB2531,0.320287
bin_31,p__Actinobacteria,c__Actinobacteria,o__Propionibacteriales,f__Propionibacteriaceae,g__Tessaracoccus,s__Tessaracoccus_lapidicaptus,0.186064
bin_72,p__Proteobacteria,c__Epsilonproteobacteria,o__Campylobacterales,f__Campylobacteraceae,g__Sulfurospirillum,s__Sulfurospirillum_SGB19235,0.320287
bin_235,p__Proteobacteria,c__Epsilonproteobacteria,o__Campylobacterales,f__Campylobacteraceae,g__Arcobacter,s__Arcobacter_cryaerophilus,0.136788
bin_325,p__Proteobacteria,c__Betaproteobacteria,o__Burkholderiales,f__Burkholderiaceae,g__GGB8249,s__GGB8249_SGB12620,0.26803
bin_108,p__Firmicutes,c__Clostridia,o__Clostridiales,f__Clostridiales_unclassified,g__GGB3525,s__GGB3525_SGB4705,0.026350533
bin_104,p__Bacteroidetes,c__Bacteroidia,o__Bacteroidales,f__Bacteroidaceae,g__Bacteroides,s__Bacteroides_ovatus,0.092089363
bin_103,p__Proteobacteria,c__Gammaproteobacteria,o__Pseudomonadales,f__Moraxellaceae,g__Acinetobacter,s__Acinetobacter_guillouiae,0.233089
bin_89,p__Firmicutes,c__Clostridia,o__Clostridiales,f__Lachnospiraceae,g__Blautia,s__Blautia_sp_KLE_1732,0.028148442
bin_143,p__Firmicutes,c__Clostridia,o__Clostridiales,f__Lachnospiraceae,g__GGB3601,s__GGB3601_SGB4862,0.039230614
bin_192,p__Firmicutes,c__Clostridia,o__Clostridiales,f__Eubacteriaceae,g__Eubacterium,s__Eubacterium_eligens,0.090500546
bin_73,p__Actinobacteria,c__Actinobacteria,o__Actinomycetales,f__Actinomycetaceae,g__Actinomyces,s__Actinomyces_gaoshouyii,0.283502
bin_167,p__Firmicutes,c__Clostridia,o__Clostridiales,f__Lachnospiraceae,g__Blautia,s__Blautia_obeum,0.049972306
bin_241,p__Firmicutes,c__Clostridia,o__Clostridiales,f__Lachnospiraceae,g__Lachnospiraceae_unclassified,s__Eubacterium_rectale,0.093972134
bin_116,p__Actinobacteria,c__Actinobacteria,o__Propionibacteriales,f__Propionibacteriaceae,g__Tessaracoccus,s__Tessaracoccus_lapidicaptus,0.2607575
bin_160,p__Proteobacteria,c__Gammaproteobacteria,o__Enterobacterales,f__Enterobacteriaceae,g__Escherichia,s__Escherichia_coli,0.05284695
bin_194,p__Proteobacteria,c__Gammaproteobacteria,o__Aeromonadales,f__Aeromonadaceae,g__Tolumonas,s__Tolumonas_auensis,0.242205
bin_70,p__Proteobacteria,c__Gammaproteobacteria,o__Pasteurellales,f__Pasteurellaceae,g__Pasteurella,s__Pasteurella_testudinis,0.202271
bin_345,p__Proteobacteria,c__Gammaproteobacteria,o__Aeromonadales,f__Aeromonadaceae,g__Aeromonas,s__Aeromonas_media,0.26546
bin_93,p__Proteobacteria,c__Betaproteobacteria,o__Rhodocyclales,f__Azonexaceae,g__Dechloromonas,s__Dechloromonas_denitrificans,0.189679
bin_46,p__Firmicutes,c__Clostridia,o__Clostridiales,f__Ruminococcaceae,g__GGB9719,s__GGB9719_SGB15272,0.289700093
bin_140,p__Firmicutes,c__Clostridia,o__Clostridiales,f__Lachnospiraceae,g__Dorea,s__Dorea_formicigenerans,0.267649137
bin_357,p__Bacteroidetes,c__Bacteroidia,o__Bacteroidales,f__Prevotellaceae,g__GGB1266,s__GGB1266_SGB1699,0.128717411
bin_215,p__Proteobacteria,c__Betaproteobacteria,o__Burkholderiales,f__Comamonadaceae,g__Acidovorax,s__Acidovorax_temperans,0.1937145
bin_161,p__Firmicutes,c__Erysipelotrichia,o__Erysipelotrichales,f__Erysipelotrichaceae,g__Catenibacterium,s__Catenibacterium_SGB6783,0.040692446
bin_222,p__Bacteroidetes,c__Bacteroidia,o__Bacteroidales,f__Odoribacteraceae,g__Odoribacter,s__Odoribacter_splanchnicus,0.0770042
bin_4,p__Bacteroidetes,c__Bacteroidia,o__Bacteroidales,f__Bacteroidaceae,g__Bacteroides,s__Bacteroides_vulgatus,0.036550213
bin_224,p__Actinobacteria,c__Actinobacteria,o__Micrococcales,f__Ruaniaceae,g__Ruaniaceae_unclassified,s__Ruaniaceae_bacterium_KH17,0.35328
bin_272,p__Proteobacteria,c__Alphaproteobacteria,o__Rhodobacterales,f__Rhodobacteraceae,g__Paracoccus,s__Paracoccus_denitrificans,0.306598
bin_50,p__Proteobacteria,c__Oligoflexia,o__Silvanigrellales,f__Silvanigrellaceae,g__Silvanigrella,s__Silvanigrella_aquatica,0.220489
bin_76,p__Synergistetes,c__CFGB3088,o__OFGB3088,f__FGB3088,g__GGB9844,s__GGB9844_SGB15499,0.276697
bin_294,p__Proteobacteria,c__Gammaproteobacteria,o__Aeromonadales,f__Aeromonadaceae,g__Tolumonas,s__Tolumonas_auensis,0.276697
bin_6,p__Bacteroidetes,c__Bacteroidia,o__Bacteroidales,f__Bacteroidaceae,g__Bacteroides,s__Bacteroides_uniformis,0.030381697
bin_48,p__Proteobacteria,c__Betaproteobacteria,o__Rhodocyclales,f__Zoogloeaceae,g__Thauera,s__Thauera_aminoaromatica,0.308716
bin_251,p__Actinobacteria,c__Actinobacteria,o__Bifidobacteriales,f__Bifidobacteriaceae,g__Bifidobacterium,s__Bifidobacterium_magnum,0.35328
bin_175,p__Proteobacteria,c__Betaproteobacteria,o__Burkholderiales,f__Comamonadaceae,g__Acidovorax,s__Acidovorax_carolinensis,0.15624375
bin_365,p__Bacteroidetes,c__Bacteroidia,o__Bacteroidales,f__Bacteroidaceae,g__Bacteroides,s__Bacteroides_graminisolvens,0.1477075
bin_204,p__Proteobacteria,c__Betaproteobacteria,o__Neisseriales,f__Neisseriaceae,g__Neisseria,s__Neisseria_sp_N177_16,0.320287
bin_110,p__Proteobacteria,c__CFGB1704,o__OFGB1704,f__FGB1704,g__GGB4258,s__GGB4258_SGB5792,0.021240153
bin_132,p__Proteobacteria,c__Betaproteobacteria,o__Burkholderiales,f__Comamonadaceae,g__Brachymonas,s__Brachymonas_denitrificans,0.243761
bin_27,p__Bacteroidetes,c__Bacteroidia,o__Bacteroidales,f__Bacteroidaceae,g__Bacteroides,s__Bacteroides_coprosuis,0.25242
bin_265,p__Bacteroidetes,c__Bacteroidia,o__Bacteroidales,f__Prevotellaceae,g__Prevotella,s__Prevotella_SGB1513,0.258493
bin_34,p__Bacteroidetes,c__Bacteroidia,o__Bacteroidales,f__Bacteroidaceae,g__Bacteroides,s__Bacteroides_stercoris,0.027898536
bin_165,p__Proteobacteria,c__Betaproteobacteria,o__Burkholderiales,f__Comamonadaceae,g__Acidovorax,s__Acidovorax_sp_KKS102,0.1406115
bin_12,p__Proteobacteria,c__Gammaproteobacteria,o__Aeromonadales,f__Aeromonadaceae,g__Aeromonas,s__Aeromonas_caviae,0.042762442
bin_260,p__Bacteroidetes,c__Bacteroidia,o__Bacteroidales,f__Prevotellaceae,g__GGB1234,s__GGB1234_SGB1613,0.091904523
bin_119,p__Firmicutes,c__Bacilli,o__Lactobacillales,f__Streptococcaceae,g__Streptococcus,s__Streptococcus_suis,0.210952588
bin_330,p__Proteobacteria,c__Gammaproteobacteria,o__Aeromonadales,f__Aeromonadaceae,g__Aeromonas,s__Aeromonas_media,0.183572
bin_282,p__Proteobacteria,c__Betaproteobacteria,o__Burkholderiales,f__Comamonadaceae,g__Acidovorax,s__Acidovorax_temperans,0.2668845
bin_200,p__Proteobacteria,c__Betaproteobacteria,o__Burkholderiales,f__Comamonadaceae,g__Acidovorax,s__Acidovorax_caeni,0.245371
bin_185,p__Proteobacteria,c__Betaproteobacteria,o__Nitrosomonadales,f__Nitrosomonadaceae,g__Nitrosomonas,s__Nitrosomonas_sp_AL212,0.372583
bin_268,p__Proteobacteria,c__Deltaproteobacteria,o__Desulfovibrionales,f__Desulfovibrionaceae,g__Desulfovibrio,s__Desulfovibrio_desulfuricans,0.246828125
bin_159,p__Proteobacteria,c__Betaproteobacteria,o__Rhodocyclales,f__Zoogloeaceae,g__Thauera,s__Thauera_phenylacetica,0.22559
bin_313,p__Proteobacteria,c__Epsilonproteobacteria,o__Campylobacterales,f__Campylobacteraceae,g__Arcobacter,s__Arcobacter_cryaerophilus,0.13538
bin_28,p__Proteobacteria,c__Betaproteobacteria,o__Rhodocyclales,f__Zoogloeaceae,g__Thauera,s__Thauera_phenylacetica,0.207842
bin_173,p__Firmicutes,c__Clostridia,o__Clostridiales,f__Ruminococcaceae,g__Ruminococcus,s__Ruminococcus_bromii,0.040847443
bin_49,p__Bacteroidetes,c__Bacteroidia,o__Bacteroidales,f__Barnesiellaceae,g__Barnesiella,s__Barnesiella_intestinihominis,0.021658069
bin_371,p__Proteobacteria,c__Gammaproteobacteria,o__Pseudomonadales,f__Moraxellaceae,g__Acinetobacter,s__Acinetobacter_towneri,0.16437
bin_216,p__Firmicutes,c__Clostridia,o__Halanaerobiales,f__Halanaerobiaceae,g__Halanaerobium,s__Halanaerobium_praevalens,0.372583
bin_74,p__Proteobacteria,c__Betaproteobacteria,o__Burkholderiales,f__Comamonadaceae,g__Brachymonas,s__Brachymonas_denitrificans,0.235108
bin_23,p__Bacteroidetes,c__Bacteroidia,o__Bacteroidales,f__Rikenellaceae,g__Alistipes,s__Alistipes_finegoldii,0.017719027
bin_33,p__Bacteroidetes,c__Bacteroidia,o__Bacteroidales,f__Bacteroidaceae,g__Bacteroides,s__Bacteroides_fragilis,0.055239408
bin_90,p__Proteobacteria,c__Betaproteobacteria,o__Burkholderiales,f__Burkholderiaceae,g__GGB8249,s__GGB8249_SGB12620,0.240698
bin_77,p__Firmicutes,c__Clostridia,o__Clostridiales,f__Ruminococcaceae,g__Gemmiger,s__Gemmiger_formicilis,0.024583992
bin_377,p__Proteobacteria,c__Betaproteobacteria,o__Burkholderiales,f__Burkholderiaceae,g__GGB8270,s__GGB8270_SGB12646,0.312952
bin_346,p__Proteobacteria,c__Gammaproteobacteria,o__Aeromonadales,f__Aeromonadaceae,g__Aeromonas,s__Aeromonas_salmonicida,0.3009552
bin_65,p__Firmicutes,c__Clostridia,o__Clostridiales,f__Lachnospiraceae,g__Blautia,s__Blautia_obeum,0.03948088
bin_22,p__Proteobacteria,c__Gammaproteobacteria,o__Aeromonadales,f__Aeromonadaceae,g__Tolumonas,s__Tolumonas_auensis,0.0239829
bin_257,p__Firmicutes,c__Bacilli,o__Lactobacillales,f__Streptococcaceae,g__Streptococcus,s__Streptococcus_SGB8202,0.35328
bin_284,p__Proteobacteria,c__Gammaproteobacteria,o__Pseudomonadales,f__Moraxellaceae,g__Acinetobacter,s__Acinetobacter_SGB10399,0.20028
bin_62,p__Actinobacteria,c__Actinobacteria,o__Bifidobacteriales,f__Bifidobacteriaceae,g__Bifidobacterium,s__Bifidobacterium_bifidum,0.016379554
bin_2,p__Actinobacteria,c__Actinobacteria,o__Geodermatophilales,f__Geodermatophilaceae,g__Geodermatophilus,s__Geodermatophilus_dictyosporus,0.26546
bin_274,p__Proteobacteria,c__Betaproteobacteria,o__Rhodocyclales,f__Azonexaceae,g__Azonexus,s__Azonexus_hydrophilus,0.320287
bin_262,p__Proteobacteria,c__Gammaproteobacteria,o__Pseudomonadales,f__Moraxellaceae,g__Acinetobacter,s__Acinetobacter_towneri,0.148319
bin_14,p__Proteobacteria,c__Gammaproteobacteria,o__Pseudomonadales,f__Pseudomonadaceae,g__Pseudomonas,s__Pseudomonas_oleovorans,0.2840735
bin_128,p__Firmicutes,c__CFGB1340,o__OFGB1340,f__FGB1340,g__GGB3256,s__GGB3256_SGB4303,0.024754825
bin_24,p__Bacteroidetes,c__Bacteroidia,o__Bacteroidales,f__Bacteroidaceae,g__Bacteroides,s__Bacteroides_eggerthii,0.018244711
bin_142,p__Proteobacteria,c__Gammaproteobacteria,o__Pseudomonadales,f__Moraxellaceae,g__Moraxella,s__Moraxella_osloensis,0.073971128
bin_334,p__Proteobacteria,c__Gammaproteobacteria,o__Alteromonadales,f__Idiomarinaceae,g__GGB6751,s__GGB6751_SGB9549,0.405585
bin_17,p__Proteobacteria,c__Betaproteobacteria,o__Neisseriales,f__Chromobacteriaceae,g__Aquaspirillum,s__Aquaspirillum_sp_LM1,0.0651655
bin_312,p__Proteobacteria,c__Betaproteobacteria,o__Burkholderiales,f__Comamonadaceae,g__Acidovorax,s__Acidovorax_caeni,0.228939
bin_227,p__Proteobacteria,c__Gammaproteobacteria,o__Pseudomonadales,f__Moraxellaceae,g__Acinetobacter,s__Acinetobacter_bouvetii,0.242205
bin_373,p__Proteobacteria,c__Gammaproteobacteria,o__Pseudomonadales,f__Moraxellaceae,g__Acinetobacter,s__Acinetobacter_parvus,0.317077875
bin_261,p__Firmicutes,c__CFGB4353,o__OFGB4353,f__FGB4353,g__GGB12785,s__GGB12785_SGB19826,0.260425333
bin_53,p__Firmicutes,c__Clostridia,o__Clostridiales,f__Eubacteriaceae,g__Acetobacterium,s__Acetobacterium_wieringae,0.146116
bin_368,p__Proteobacteria,c__Gammaproteobacteria,o__Enterobacterales,f__Yersiniaceae,g__Yersinia,s__Yersinia_frederiksenii,0.405585
bin_193,p__Bacteroidetes,c__Bacteroidia,o__Bacteroidales,f__Williamwhitmaniaceae,g__Williamwhitmania,s__Williamwhitmania_taraxaci,0.258493
bin_264,p__Bacteroidetes,c__Flavobacteriia,o__Flavobacteriales,f__Flavobacteriaceae,g__Chryseobacterium,s__Chryseobacterium_haifense,0.22668
bin_35,p__Proteobacteria,c__Betaproteobacteria,o__Nitrosomonadales,f__Nitrosomonadaceae,g__Nitrosomonas,s__Nitrosomonas_ureae,0.158711
bin_337,p__Proteobacteria,c__Betaproteobacteria,o__Burkholderiales,f__Comamonadaceae,g__Acidovorax,s__Acidovorax_caeni,0.197886
bin_172,p__Proteobacteria,c__Betaproteobacteria,o__Rhodocyclales,f__Zoogloeaceae,g__Thauera,s__Thauera_terpenica,0.0698368
bin_311,p__Proteobacteria,c__Gammaproteobacteria,o__Pseudomonadales,f__Moraxellaceae,g__Acinetobacter,s__Acinetobacter_pragensis,0.283502
bin_360,p__Proteobacteria,c__Betaproteobacteria,o__Burkholderiales,f__Comamonadaceae,g__Acidovorax,s__Acidovorax_temperans,0.256426
bin_221,p__Firmicutes,c__CFGB3012,o__OFGB3012,f__FGB3012,g__GGB9479,s__GGB9479_SGB14874,0.061871399
bin_168,p__Firmicutes,c__Clostridia,o__Clostridiales,f__Lachnospiraceae,g__Anaerobutyricum,s__Anaerobutyricum_hallii,0.047787211
bin_42,p__Proteobacteria,c__Gammaproteobacteria,o__Pseudomonadales,f__Moraxellaceae,g__Moraxella,s__Moraxella_osloensis,0.20632836
bin_144,p__Bacteroidetes,c__Bacteroidia,o__Bacteroidales,f__Williamwhitmaniaceae,g__Williamwhitmania,s__Williamwhitmania_taraxaci,0.339586
bin_196,p__Proteobacteria,c__Deltaproteobacteria,o__Desulfobacterales,f__Desulfobulbaceae,g__Desulfobulbus,s__Desulfobulbus_propionicus,0.300994
bin_246,p__Firmicutes,c__Clostridia,o__Clostridiales,f__Ruminococcaceae,g__Faecalibacterium,s__Faecalibacterium_prausnitzii,0.083635744
bin_247,p__Firmicutes,c__Clostridia,o__Clostridiales,f__Lachnospiraceae,g__GGB3607,s__GGB3607_SGB4871,0.070179788
bin_305,p__Actinobacteria,c__Actinobacteria,o__Geodermatophilales,f__Geodermatophilaceae,g__Geodermatophilus,s__Geodermatophilus_sp_DSM_45219,0.339586
bin_81,p__Proteobacteria,c__Betaproteobacteria,o__Neisseriales,f__Chromobacteriaceae,g__Jeongeupia,s__Jeongeupia_sp_USM3,0.240698
bin_219,p__Firmicutes,c__Clostridia,o__Clostridiales,f__Peptostreptococcaceae,g__Acetoanaerobium,s__Acetoanaerobium_sticklandii,0.0971654
bin_348,p__Proteobacteria,c__Betaproteobacteria,o__Burkholderiales,f__Comamonadaceae,g__Acidovorax,s__Acidovorax_sp_KKS102,0.2497285
bin_237,p__Firmicutes,c__Clostridia,o__Clostridiales,f__Peptostreptococcaceae,g__Acetoanaerobium,s__Acetoanaerobium_sticklandii,0.106365
bin_16,p__Proteobacteria,c__Betaproteobacteria,o__Burkholderiales,f__Burkholderiaceae,g__GGB8249,s__GGB8249_SGB12620,0.260703
bin_135,p__Bacteroidetes,c__Flavobacteriia,o__Flavobacteriales,f__Flavobacteriaceae,g__Flavobacterium,s__Flavobacterium_succinicans,0.123418
bin_51,p__Proteobacteria,c__Gammaproteobacteria,o__Pseudomonadales,f__Pseudomonadaceae,g__Oblitimonas,s__Oblitimonas_alkaliphila,0.3040375
bin_352,p__Firmicutes,c__Clostridia,o__Clostridiales,f__Peptostreptococcaceae,g__Acetoanaerobium,s__Acetoanaerobium_sticklandii,0.155645
bin_342,p__Proteobacteria,c__Betaproteobacteria,o__Burkholderiales,f__Burkholderiaceae,g__GGB8277,s__GGB8277_SGB12658,0.328965
bin_363,p__Proteobacteria,c__Betaproteobacteria,o__Neisseriales,f__Neisseriaceae,g__Neisseria,s__Neisseria_chenwenguii,0.372583
bin_210,p__Proteobacteria,c__Gammaproteobacteria,o__Pseudomonadales,f__Moraxellaceae,g__Acinetobacter,s__Acinetobacter_towneri,0.108403
bin_155,p__Proteobacteria,c__Gammaproteobacteria,o__Pseudomonadales,f__Moraxellaceae,g__Acinetobacter,s__Acinetobacter_sp_AG1,0.092824525
bin_267,p__Verrucomicrobia,c__Verrucomicrobiae,o__Verrucomicrobiales,f__Akkermansiaceae,g__Akkermansia,s__Akkermansia_muciniphila,0.09296587
bin_71,p__Proteobacteria,c__Epsilonproteobacteria,o__Campylobacterales,f__Campylobacteraceae,g__Arcobacter,s__Arcobacter_butzleri,0.197559077
bin_286,p__Bacteroidetes,c__Bacteroidia,o__Bacteroidales,f__Bacteroidaceae,g__Bacteroides,s__Bacteroides_vulgatus,0.158594912
bin_333,p__Firmicutes,c__Clostridia,o__Clostridiales,f__Lachnospiraceae,g__Anaerostipes,s__Anaerostipes_hadrus,0.119368098
bin_113,p__Nitrospirae,c__Nitrospira,o__Nitrospirales,f__Nitrospiraceae,g__Nitrospira,s__Nitrospira_sp_ND1,0.03611525
bin_341,p__Firmicutes,c__Clostridia,o__Clostridiales,f__Ruminococcaceae,g__GGB9715,s__GGB9715_SGB15265,0.124265905
bin_1,p__Proteobacteria,c__Gammaproteobacteria,o__Gammaproteobacteria_unclassified,f__Candidatus_Competibacteraceae,g__Candidatus_Competibacter,s__Candidatus_Competibacter_denitrificans,0.222464
bin_11,p__Fusobacteria,c__Fusobacteriia,o__Fusobacteriales,f__Leptotrichiaceae,g__Sebaldella,s__Sebaldella_termitidis,0.00989629
bin_378,p__Firmicutes,c__Clostridia,o__Clostridiales,f__Lachnospiraceae,g__Lachnospiraceae_unclassified,s__Eubacterium_rectale,0.134234948
bin_297,p__Synergistetes,c__CFGB3522,o__OFGB3522,f__FGB3522,g__GGB11263,s__GGB11263_SGB17980,0.372583
bin_243,p__Firmicutes,c__Clostridia,o__Clostridiales,f__Ruminococcaceae,g__GGB3240,s__GGB3240_SGB4280,0.071977778
bin_94,p__Firmicutes,c__Bacilli,o__Lactobacillales,f__Streptococcaceae,g__Streptococcus,s__Streptococcus_suis,0.127612609
bin_225,p__Firmicutes,c__Negativicutes,o__Acidaminococcales,f__Acidaminococcaceae,g__Phascolarctobacterium,s__Phascolarctobacterium_SGB5770,0.06774855
bin_79,p__Firmicutes,c__Clostridia,o__Clostridiales,f__Ruminococcaceae,g__GGB3244,s__GGB3244_SGB4290,0.023037894
bin_335,p__Proteobacteria,c__Betaproteobacteria,o__Burkholderiales,f__Comamonadaceae,g__Candidatus_Symbiobacter,s__Candidatus_Symbiobacter_mobilis,0.35328
bin_43,p__Proteobacteria,c__Betaproteobacteria,o__Burkholderiales,f__Burkholderiaceae,g__GGB8253,s__GGB8253_SGB12629,0.0282789
bin_30,p__Proteobacteria,c__Betaproteobacteria,o__Burkholderiales,f__Comamonadaceae,g__Alicycliphilus,s__Alicycliphilus_denitrificans,0.14777825
bin_367,p__Proteobacteria,c__Gammaproteobacteria,o__Aeromonadales,f__Aeromonadaceae,g__Aeromonas,s__Aeromonas_sp_L_1B5_3,0.320287
bin_13,p__Bacteroidetes,c__Bacteroidia,o__Bacteroidales,f__Tannerellaceae,g__Parabacteroides,s__Parabacteroides_merdae,0.01673172
bin_99,p__Proteobacteria,c__Deltaproteobacteria,o__Desulfovibrionales,f__Desulfomicrobiaceae,g__Desulfomicrobium,s__Desulfomicrobium_apsheronum,0.211692
bin_259,p__Firmicutes,c__CFGB3069,o__OFGB3069,f__FGB3069,g__GGB9770,s__GGB9770_SGB15389,0.3272294
bin_321,p__Proteobacteria,c__Betaproteobacteria,o__Burkholderiales,f__Burkholderiaceae,g__GGB8248,s__GGB8248_SGB12619,0.270747
bin_287,p__Bacteroidetes,c__Bacteroidia,o__Bacteroidales,f__Prevotellaceae,g__GGB2430,s__GGB2430_SGB3320,0.171263
bin_354,p__Proteobacteria,c__Gammaproteobacteria,o__Pseudomonadales,f__Pseudomonadaceae,g__Pseudomonas,s__Pseudomonas_putida,0.223483
bin_112,p__Proteobacteria,c__Betaproteobacteria,o__Burkholderiales,f__Burkholderiaceae,g__GGB8253,s__GGB8253_SGB12629,0.273629
bin_269,p__Proteobacteria,c__Gammaproteobacteria,o__Pseudomonadales,f__Moraxellaceae,g__Acinetobacter,s__Acinetobacter_SGB10399,0.1878725
bin_326,p__Proteobacteria,c__Gammaproteobacteria,o__Pseudomonadales,f__Pseudomonadaceae,g__Pseudomonas,s__Pseudomonas_guguanensis,0.260703
bin_80,p__Actinobacteria,c__Actinobacteria,o__Propionibacteriales,f__Propionibacteriaceae,g__Tessaracoccus,s__Tessaracoccus_oleiagri,0.26546
bin_349,p__Actinobacteria,c__Actinobacteria,o__Actinomycetales,f__Actinomycetaceae,g__Actinobaculum,s__Actinobaculum_sp_oral_taxon_183,0.348018309
bin_3,p__Actinobacteria,c__Actinobacteria,o__Micrococcales,f__Intrasporangiaceae,g__Tetrasphaera,s__Tetrasphaera_duodecadis,0.223483
bin_32,p__Proteobacteria,c__Gammaproteobacteria,o__Pseudomonadales,f__Pseudomonadaceae,g__Oblitimonas,s__Oblitimonas_alkaliphila,0.27226325
bin_316,p__Firmicutes,c__Clostridia,o__Clostridiales,f__Lachnospiraceae,g__GGB3552,s__GGB3552_SGB4749,0.123898413
bin_118,p__Firmicutes,c__Clostridia,o__Clostridiales,f__Ruminococcaceae,g__Ruminococcaceae_unclassified,s__Ruminococcaceae_bacterium_YAD3003,0.300994
bin_60,p__Bacteroidetes,c__Bacteroidia,o__Bacteroidales,f__Paludibacteraceae,g__Paludibacter,s__Paludibacter_propionicigenes,0.276697
bin_203,p__Bacteroidetes,c__Flavobacteriia,o__Flavobacteriales,f__Flavobacteriaceae,g__Chryseobacterium,s__Chryseobacterium_haifense,0.258493
bin_253,p__Bacteroidetes,c__Bacteroidia,o__Bacteroidales,f__Bacteroidaceae,g__Bacteroides,s__Bacteroides_SGB1902,0.08917065
bin_169,p__Firmicutes,c__Clostridia,o__Clostridiales,f__Lachnospiraceae,g__GGB3604,s__GGB3604_SGB4868,0.064090257
bin_138,p__Proteobacteria,c__Gammaproteobacteria,o__Pseudomonadales,f__Moraxellaceae,g__Moraxella,s__Moraxella_SGB10438,0.202522667
bin_263,p__Firmicutes,c__Clostridia,o__Clostridiales,f__Lachnospiraceae,g__GGB3554,s__GGB3554_SGB4753,0.093020261
bin_41,p__Firmicutes,c__Clostridia,o__Clostridiales,f__Lachnospiraceae,g__Blautia,s__Ruminococcus_torques,0.035383222
bin_109,p__Fusobacteria,c__Fusobacteriia,o__Fusobacteriales,f__Fusobacteriaceae,g__Fusobacterium,s__Fusobacterium_SGB6032,0.300994
bin_105,p__Proteobacteria,c__Betaproteobacteria,o__Burkholderiales,f__Comamonadaceae,g__Acidovorax,s__Acidovorax_sp_56,0.2351265
bin_10,p__Proteobacteria,c__Betaproteobacteria,o__Burkholderiales,f__Burkholderiales_unclassified,g__Sphaerotilus,s__Sphaerotilus_natans,0.05100165
bin_130,p__Proteobacteria,c__Betaproteobacteria,o__Rhodocyclales,f__Rhodocyclaceae,g__Azospira,s__Azospira_oryzae,0.0444353
bin_315,p__Firmicutes,c__Negativicutes,o__Acidaminococcales,f__Acidaminococcaceae,g__Acidaminococcus,s__Acidaminococcus_intestini,0.095460194
bin_82,p__Proteobacteria,c__Gammaproteobacteria,o__Pseudomonadales,f__Pseudomonadaceae,g__Pseudomonas,s__Pseudomonas_alcaligenes,0.0551122
bin_97,p__Bacteroidetes,c__Bacteroidia,o__Bacteroidales,f__Bacteroidaceae,g__Bacteroides,s__Bacteroides_SGB1893,0.215016
bin_278,p__Proteobacteria,c__Epsilonproteobacteria,o__Campylobacterales,f__Campylobacteraceae,g__Arcobacter,s__Arcobacter_cryaerophilus,0.183134
bin_29,p__Proteobacteria,c__Deltaproteobacteria,o__Desulfobacterales,f__Desulfobulbaceae,g__GGB6180,s__GGB6180_SGB8831,0.346433
bin_39,p__Bacteroidetes,c__Bacteroidia,o__Bacteroidales,f__Bacteroidaceae,g__Bacteroides,s__Bacteroides_cellulosilyticus,0.055328422
bin_296,p__Proteobacteria,c__Deltaproteobacteria,o__Desulfobacterales,f__Desulfobulbaceae,g__Desulfobulbus,s__Desulfobulbus_propionicus,0.320287
bin_57,p__Actinobacteria,c__Actinobacteria,o__Micrococcales,f__Sanguibacteraceae,g__Sanguibacter,s__Sanguibacter_soli,0.0914296
bin_220,p__Actinobacteria,c__Coriobacteriia,o__Coriobacteriales,f__Coriobacteriaceae,g__Collinsella,s__Collinsella_SGB14478,0.26803
bin_148,p__Firmicutes,c__Clostridia,o__Clostridiales,f__Lachnospiraceae,g__Dorea,s__Dorea_longicatena,0.040973381
bin_120,p__Bacteroidetes,c__Bacteroidia,o__Bacteroidales,f__Bacteroidaceae,g__Bacteroides,s__Bacteroides_thetaiotaomicron,0.072653461
bin_67,p__Firmicutes,c__Clostridia,o__Clostridiales,f__Lachnospiraceae,g__Fusicatenibacter,s__Fusicatenibacter_saccharivorans,0.027463508
bin_249,p__Proteobacteria,c__Betaproteobacteria,o__Burkholderiales,f__Burkholderiaceae,g__GGB8248,s__GGB8248_SGB12619,0.239237
bin_306,p__Bacteroidetes,c__Bacteroidia,o__Bacteroidales,f__Bacteroidaceae,g__Bacteroides,s__Bacteroides_SGB1838,0.194429
bin_146,p__Firmicutes,c__Clostridia,o__Clostridiales,f__Ruminococcaceae,g__Faecalibacterium,s__Faecalibacterium_SGB15346,0.035871655
bin_291,p__Bacteroidetes,c__Bacteroidia,o__Bacteroidales,f__Bacteroidaceae,g__Bacteroides,s__Bacteroides_vulgatus,0.156042727
bin_47,p__Proteobacteria,c__Betaproteobacteria,o__Burkholderiales,f__Comamonadaceae,g__Comamonas,s__Comamonas_terrigena,0.0347411
bin_336,p__Firmicutes,c__Clostridia,o__Clostridiales,f__Lachnospiraceae,g__Coprococcus,s__Coprococcus_SGB4580,0.186761
bin_289,p__Bacteroidetes,c__Bacteroidia,o__Bacteroidales,f__Tannerellaceae,g__Parabacteroides,s__Parabacteroides_merdae,0.123495291
bin_208,p__Bacteroidetes,c__CFGB784,o__OFGB784,f__FGB784,g__GGB1929,s__GGB1929_SGB2668,0.372583
bin_78,p__Proteobacteria,c__Betaproteobacteria,o__Burkholderiales,f__Burkholderiaceae,g__Polynucleobacter,s__Polynucleobacter_cosmopolitanus,0.320287
bin_124,p__Actinobacteria,c__Actinobacteria,o__Bifidobacteriales,f__Bifidobacteriaceae,g__Bifidobacterium,s__Bifidobacterium_adolescentis,0.022673888
bin_114,p__Firmicutes,c__Bacilli,o__Lactobacillales,f__Carnobacteriaceae,g__Trichococcus,s__Trichococcus_flocculiformis,0.039740375
bin_141,p__Bacteroidetes,c__Bacteroidia,o__Bacteroidales,f__Bacteroidales_unclassified,g__Bacteroidales_unclassified,s__Bacteroidales_bacterium_CF,0.26803
bin_201,p__Bacteroidetes,c__Bacteroidia,o__Bacteroidales,f__Bacteroidaceae,g__Bacteroides,s__Bacteroides_graminisolvens,0.0754249
bin_214,p__Firmicutes,c__Erysipelotrichia,o__Erysipelotrichales,f__Erysipelotrichaceae,g__Holdemanella,s__Holdemanella_SGB6796,0.063528955
bin_176,p__Proteobacteria,c__Betaproteobacteria,o__Nitrosomonadales,f__Nitrosomonadaceae,g__Nitrosomonas,s__Nitrosomonas_sp_AL212,0.228939
bin_374,p__Firmicutes,c__Clostridia,o__Clostridiales,f__Clostridiaceae,g__Youngiibacter,s__Youngiibacter_fragilis,0.247037
bin_183,p__Proteobacteria,c__Gammaproteobacteria,o__Aeromonadales,f__Aeromonadaceae,g__Aeromonas,s__Aeromonas_diversa,0.300994
bin_111,p__Proteobacteria,c__Gammaproteobacteria,o__Enterobacterales,f__Pectobacteriaceae,g__Brenneria,s__Brenneria_goodwinii,0.328965
bin_300,p__Proteobacteria,c__Betaproteobacteria,o__Burkholderiales,f__Comamonadaceae,g__Acidovorax,s__Acidovorax_temperans,0.2399795
bin_353,p__Proteobacteria,c__Betaproteobacteria,o__Burkholderiales,f__Comamonadaceae,g__Comamonas,s__Comamonas_kerstersii,0.306470182
bin_131,p__Proteobacteria,c__Betaproteobacteria,o__Burkholderiales,f__Burkholderiaceae,g__GGB8249,s__GGB8249_SGB12620,0.235108
bin_68,p__Firmicutes,c__CFGB3005,o__OFGB3005,f__FGB3005,g__GGB9468,s__GGB9468_SGB14861,0.022589062
bin_347,p__Proteobacteria,c__Alphaproteobacteria,o__Rhodobacterales,f__Rhodobacteraceae,g__Paracoccus,s__Paracoccus_aminovorans,0.287309
bin_7,p__Actinobacteria,c__Actinobacteria,o__Corynebacteriales,f__Mycobacteriaceae,g__Mycolicibacterium,s__Mycolicibacterium_fallax,0.192258
bin_236,p__Firmicutes,c__Bacilli,o__Lactobacillales,f__Streptococcaceae,g__Streptococcus,s__Streptococcus_thermophilus,0.081406828
bin_145,p__Proteobacteria,c__Betaproteobacteria,o__Burkholderiales,f__Comamonadaceae,g__Comamonas,s__Comamonas_aquatica,0.218943333
bin_302,p__Proteobacteria,c__Betaproteobacteria,o__Neisseriales,f__Chromobacteriaceae,g__Aquaspirillum,s__Aquaspirillum_sp_LM1,0.270747
bin_86,p__Firmicutes,c__Clostridia,o__Clostridiales,f__Ruminococcaceae,g__Flavonifractor,s__Flavonifractor_plautii,0.233927277
bin_209,p__Firmicutes,c__Negativicutes,o__Veillonellales,f__Veillonellaceae,g__Dialister,s__Dialister_invisus,0.078943392
bin_280,p__Firmicutes,c__CFGB1349,o__OFGB1349,f__FGB1349,g__GGB3293,s__GGB3293_SGB4348,0.14437148
bin_328,p__Bacteroidetes,c__Bacteroidia,o__Bacteroidales,f__Bacteroidaceae,g__Bacteroides,s__Bacteroides_graminisolvens,0.2214765
bin_158,p__Proteobacteria,c__Gammaproteobacteria,o__Pseudomonadales,f__Pseudomonadaceae,g__Pseudomonas,s__Pseudomonas_alcaligenes,0.257437
bin_322,p__Proteobacteria,c__Betaproteobacteria,o__Burkholderiales,f__Comamonadaceae,g__Acidovorax,s__Acidovorax_caeni,0.291447
bin_240,p__Firmicutes,c__Clostridia,o__Clostridiales,f__Ruminococcaceae,g__Faecalibacterium,s__Faecalibacterium_prausnitzii,0.07206069
bin_150,p__Proteobacteria,c__Deltaproteobacteria,o__Desulfovibrionales,f__Desulfovibrionaceae,g__Bilophila,s__Bilophila_wadsworthia,0.044888971
bin_295,p__Bacteroidetes,c__Flavobacteriia,o__Flavobacteriales,f__Flavobacteriaceae,g__Chryseobacterium,s__Chryseobacterium_haifense,0.197292
bin_275,p__Fusobacteria,c__Fusobacteriia,o__Fusobacteriales,f__Leptotrichiaceae,g__Sebaldella,s__Sebaldella_termitidis,0.247037
bin_202,p__Firmicutes,c__Clostridia,o__Clostridiales,f__Lachnospiraceae,g__Dorea,s__Dorea_formicigenerans,0.066880508
bin_234,p__Proteobacteria,c__Gammaproteobacteria,o__Pseudomonadales,f__Pseudomonadaceae,g__Oblitimonas,s__Oblitimonas_alkaliphila,0.330778375
bin_362,p__Proteobacteria,c__Deltaproteobacteria,o__Desulfovibrionales,f__Desulfovibrionaceae,g__Desulfohalovibrio,s__Desulfohalovibrio_alkalitolerans,0.291447
bin_107,p__Proteobacteria,c__Betaproteobacteria,o__Burkholderiales,f__Comamonadaceae,g__Comamonas,s__Comamonas_sp_26,0.101338
bin_127,p__Proteobacteria,c__Gammaproteobacteria,o__Pseudomonadales,f__Moraxellaceae,g__Acinetobacter,s__Acinetobacter_bouvetii,0.0601403
bin_134,p__Firmicutes,c__Clostridia,o__Clostridiales,f__Ruminococcaceae,g__Ruminococcaceae_unclassified,s__Eubacterium_siraeum,0.037322548
bin_154,p__Firmicutes,c__Bacilli,o__Lactobacillales,f__Streptococcaceae,g__Lactococcus,s__Lactococcus_chungangensis,0.0420431
bin_233,p__Bacteroidetes,c__Bacteroidia,o__Bacteroidales,f__Bacteroidaceae,g__Bacteroides,s__Bacteroides_SGB1874,0.116257
bin_147,p__Firmicutes,c__Clostridia,o__Clostridiales,f__Ruminococcaceae,g__GGB9714,s__GGB9714_SGB15254,0.031617801
bin_66,p__Firmicutes,c__Clostridia,o__Clostridiales,f__Ruminococcaceae,g__Ruminococcus,s__Ruminococcus_bicirculans,0.023788527
bin_91,p__Actinobacteria,c__Actinobacteria,o__Bifidobacteriales,f__Bifidobacteriaceae,g__Bifidobacterium,s__Bifidobacterium_pseudocatenulatum,0.027656766
bin_244,p__Proteobacteria,c__Gammaproteobacteria,o__Xanthomonadales,f__Xanthomonadaceae,g__Stenotrophomonas,s__Stenotrophomonas_sp_BIIR7,0.187713
bin_20,p__Actinobacteria,c__Actinobacteria,o__Actinomycetales,f__Actinomycetaceae,g__Actinomyces,s__Actinomyces_radicidentis,0.283502
bin_288,p__Proteobacteria,c__Gammaproteobacteria,o__Oceanospirillales,f__Halomonadaceae,g__Candidatus_Carsonella,s__Candidatus_Carsonella_ruddii,0.328965
bin_36,p__Firmicutes,c__CFGB1464,o__OFGB1464,f__FGB1464,g__GGB3679,s__GGB3679_SGB4993,0.022206077
bin_292,p__Proteobacteria,c__Betaproteobacteria,o__Burkholderiales,f__Comamonadaceae,g__Acidovorax,s__Acidovorax_caeni,0.291447
bin_149,p__Firmicutes,c__Clostridia,o__Clostridiales,f__Lachnospiraceae,g__Coprococcus,s__Coprococcus_comes,0.042644872
bin_137,p__Actinobacteria,c__Actinobacteria,o__Bifidobacteriales,f__Bifidobacteriaceae,g__Bifidobacterium,s__Bifidobacterium_SGB17274,0.0411998
bin_151,p__Proteobacteria,c__Gammaproteobacteria,o__Pseudomonadales,f__Moraxellaceae,g__Acinetobacter,s__Acinetobacter_towneri,0.0511448
bin_366,p__Proteobacteria,c__Betaproteobacteria,o__Burkholderiales,f__Comamonadaceae,g__Acidovorax,s__Acidovorax_temperans,0.362936
bin_83,p__Proteobacteria,c__Gammaproteobacteria,o__Aeromonadales,f__Aeromonadaceae,g__Aeromonas,s__Aeromonas_allosaccharophila,0.0783601
bin_123,p__Proteobacteria,c__Gammaproteobacteria,o__Pseudomonadales,f__Pseudomonadaceae,g__Pseudomonas,s__Pseudomonas_sp_EGD_AK9,0.171263
bin_369,p__Proteobacteria,c__Betaproteobacteria,o__Burkholderiales,f__Comamonadaceae,g__Acidovorax,s__Acidovorax_sp_56,0.239259
bin_255,p__Bacteroidetes,c__Flavobacteriia,o__Flavobacteriales,f__Flavobacteriaceae,g__Cloacibacterium,s__Cloacibacterium_normanense,0.214163
bin_64,p__Firmicutes,c__CFGB3068,o__OFGB3068,f__FGB3068,g__GGB9758,s__GGB9758_SGB15369,0.029125476
bin_75,p__Bacteroidetes,c__Flavobacteriia,o__Flavobacteriales,f__Flavobacteriaceae,g__Chryseobacterium,s__Chryseobacterium_hominis,0.047832
bin_356,p__Bacteroidetes,c__Flavobacteriia,o__Flavobacteriales,f__Flavobacteriaceae,g__Cloacibacterium,s__Cloacibacterium_normanense,0.287309
bin_276,p__Proteobacteria,c__Betaproteobacteria,o__Rhodocyclales,f__Zoogloeaceae,g__Thauera,s__Thauera_phenylacetica,0.218593
bin_250,p__Bacteroidetes,c__Bacteroidia,o__Bacteroidales,f__Prevotellaceae,g__GGB1234,s__GGB1234_SGB1613,0.298511281
bin_290,p__Proteobacteria,c__Betaproteobacteria,o__Burkholderiales,f__Comamonadaceae,g__Giesbergeria,s__Giesbergeria_anulus,0.254359
bin_338,p__Proteobacteria,c__Gammaproteobacteria,o__Aeromonadales,f__Aeromonadaceae,g__Tolumonas,s__Tolumonas_auensis,0.295981
bin_18,p__Bacteroidetes,c__Bacteroidia,o__Bacteroidales,f__Bacteroidaceae,g__Bacteroides,s__Bacteroides_massiliensis,0.015232773
bin_218,p__Proteobacteria,c__CFGB990,o__OFGB990,f__FGB990,g__GGB2599,s__GGB2599_SGB3514,0.248003
bin_171,p__Bacteroidetes,c__Bacteroidia,o__Bacteroidales,f__Bacteroidaceae,g__Bacteroides,s__Bacteroides_SGB1866,0.0760584
bin_370,p__Bacteroidetes,c__Bacteroidia,o__Bacteroidales,f__Bacteroidaceae,g__Bacteroides,s__Bacteroides_SGB1817,0.186761
bin_279,p__Proteobacteria,c__Gammaproteobacteria,o__Pseudomonadales,f__Pseudomonadaceae,g__Pseudomonas,s__Pseudomonas_sp_EGD_AK9,0.254359
bin_207,p__Firmicutes,c__Clostridia,o__Clostridiales,f__Lachnospiraceae,g__Anaerobutyricum,s__Anaerobutyricum_hallii,0.07893354
bin_58,p__Proteobacteria,c__Gammaproteobacteria,o__Pseudomonadales,f__Moraxellaceae,g__Moraxella,s__Moraxella_sp_VT_16_12,0.213325
bin_212,p__Proteobacteria,c__Betaproteobacteria,o__Neisseriales,f__Chromobacteriaceae,g__Aquaspirillum,s__Aquaspirillum_sp_LM1,0.17663
bin_21,p__Bacteroidetes,c__Bacteroidia,o__Bacteroidales,f__Odoribacteraceae,g__GGB1334,s__GGB1334_SGB1791,0.350927
bin_317,p__Proteobacteria,c__Gammaproteobacteria,o__Aeromonadales,f__Aeromonadaceae,g__Aeromonas,s__Aeromonas_sp_L_1B5_3,0.263022
bin_5,p__Bacteroidetes,c__Bacteroidia,o__Bacteroidales,f__Bacteroidaceae,g__Bacteroides,s__Bacteroides_caccae,0.014255806
bin_186,p__Firmicutes,c__Clostridia,o__Clostridiales,f__Clostridiaceae,g__GGB9578,s__GGB9578_SGB14993,0.051209335
bin_54,p__Firmicutes,c__Clostridia,o__Clostridiales,f__Ruminococcaceae,g__GGB9728,s__GGB9728_SGB15286,0.016165383
bin_198,p__Firmicutes,c__Clostridia,o__Clostridiales,f__Ruminococcaceae,g__GGB9615,s__GGB9615_SGB15054,0.067012351
bin_281,p__Bacteroidetes,c__Flavobacteriia,o__Flavobacteriales,f__Flavobacteriaceae,g__Flavobacterium,s__Flavobacterium_sinopsychrotolerans,0.216771
bin_248,p__Bacteroidetes,c__Bacteroidia,o__Bacteroidales,f__Bacteroidaceae,g__Bacteroides,s__Bacteroides_fragilis,0.102633536
bin_273,p__Firmicutes,c__CFGB1349,o__OFGB1349,f__FGB1349,g__GGB3293,s__GGB3293_SGB4348,0.088679961
bin_332,p__Bacteroidetes,c__Bacteroidia,o__Bacteroidales,f__Prevotellaceae,g__GGB1266,s__GGB1266_SGB1699,0.121161416
bin_84,p__Actinobacteria,c__Actinobacteria,o__Bifidobacteriales,f__Bifidobacteriaceae,g__Bifidobacterium,s__Bifidobacterium_longum,0.021179007
bin_206,p__Firmicutes,c__Clostridia,o__Clostridiales,f__Ruminococcaceae,g__Faecalibacterium,s__Faecalibacterium_SGB15317,0.052386619
bin_350,p__Proteobacteria,c__Gammaproteobacteria,o__Enterobacterales,f__Enterobacteriaceae,g__Escherichia,s__Escherichia_coli,0.164214478
bin_228,p__Firmicutes,c__Negativicutes,o__Veillonellales,f__Veillonellaceae,g__Dialister,s__Dialister_SGB5829,0.168956
bin_9,p__Bacteroidetes,c__Bacteroidia,o__Bacteroidales,f__Tannerellaceae,g__Parabacteroides,s__Parabacteroides_distasonis,0.022096354
bin_61,p__Firmicutes,c__Clostridia,o__Clostridiales,f__Clostridiales_unclassified,g__Clostridiales_unclassified,s__Clostridiales_bacterium_KLE1615,0.037748154
bin_226,p__Proteobacteria,c__CFGB1704,o__OFGB1704,f__FGB1704,g__GGB4258,s__GGB4258_SGB5792,0.074717438
bin_254,p__Proteobacteria,c__Betaproteobacteria,o__Burkholderiales,f__Comamonadaceae,g__Comamonas,s__Comamonas_aquatica,0.290026
bin_178,p__Firmicutes,c__Clostridia,o__Clostridiales,f__Ruminococcaceae,g__Faecalibacterium,s__Faecalibacterium_prausnitzii,0.052204349
bin_179,p__Firmicutes,c__Clostridia,o__Clostridiales,f__Ruminococcaceae,g__GGB9615,s__GGB9615_SGB15055,0.23782
bin_88,p__Firmicutes,c__Bacilli,o__Lactobacillales,f__Streptococcaceae,g__Lactococcus,s__Lactococcus_chungangensis,0.300994
bin_339,p__Proteobacteria,c__Gammaproteobacteria,o__Aeromonadales,f__Aeromonadaceae,g__Aeromonas,s__Aeromonas_media,0.223483
bin_152,p__Firmicutes,c__Negativicutes,o__Veillonellales,f__Veillonellaceae,g__GGB4962,s__GGB4962_SGB6925,0.0239216
bin_223,p__Proteobacteria,c__Betaproteobacteria,o__Burkholderiales,f__Burkholderiaceae,g__Ralstonia,s__Ralstonia_solanacearum,0.366148667
bin_126,p__Firmicutes,c__Negativicutes,o__Selenomonadales,f__Selenomonadaceae,g__Megamonas,s__Megamonas_funiformis,0.032593025
bin_298,p__Proteobacteria,c__Betaproteobacteria,o__Burkholderiales,f__Sutterellaceae,g__Sutterella,s__Sutterella_wadsworthensis,0.092772587
bin_115,p__Bacteroidetes,c__Flavobacteriia,o__Flavobacteriales,f__Flavobacteriaceae,g__Flavobacterium,s__Flavobacterium_sinopsychrotolerans,0.172635
bin_340,p__Bacteroidetes,c__Bacteroidia,o__Bacteroidales,f__Prevotellaceae,g__GGB1269,s__GGB1269_SGB1704,0.196126
bin_164,p__Firmicutes,c__Clostridia,o__Clostridiales,f__Ruminococcaceae,g__GGB9632,s__GGB9632_SGB15089,0.037967852
bin_181,p__Proteobacteria,c__Gammaproteobacteria,o__Pseudomonadales,f__Moraxellaceae,g__Acinetobacter,s__Acinetobacter_bouvetii,0.0764518
bin_122,p__Bacteroidetes,c__Bacteroidia,o__Bacteroidales,f__Paludibacteraceae,g__Paludibacter,s__Paludibacter_propionicigenes,0.295981
bin_308,p__Proteobacteria,c__Betaproteobacteria,o__Burkholderiales,f__Comamonadaceae,g__Acidovorax,s__Acidovorax_kalamii,0.273629
bin_344,p__Proteobacteria,c__Betaproteobacteria,o__Burkholderiales,f__Comamonadaceae,g__Acidovorax,s__Acidovorax_sp_56,0.26462
bin_174,p__Chloroflexi,c__Caldilineae,o__Caldilineales,f__Caldilineaceae,g__Caldilinea,s__Caldilinea_aerophila,0.328965
bin_102,p__Firmicutes,c__Bacilli,o__Lactobacillales,f__Carnobacteriaceae,g__Jeotgalibaca,s__Jeotgalibaca_sp_PTS2502,0.287309
bin_301,p__Proteobacteria,c__Alphaproteobacteria,o__Rhizobiales,f__Rhizobiaceae,g__Rhizobium,s__Rhizobium_oryzae,0.35328
bin_184,p__Proteobacteria,c__Betaproteobacteria,o__Rhodocyclales,f__Rhodocyclaceae,g__Propionivibrio,s__Propionivibrio_dicarboxylicus,0.287309
bin_133,p__Proteobacteria,c__Epsilonproteobacteria,o__Campylobacterales,f__Campylobacteraceae,g__Sulfurospirillum,s__Sulfurospirillum_sp_JPD_1,0.35328
bin_26,p__Bacteroidetes,c__Bacteroidia,o__Bacteroidales,f__Tannerellaceae,g__Parabacteroides,s__Parabacteroides_chartae,0.186301
bin_189,p__Chlamydiae,c__CFGB4353,o__OFGB4353,f__FGB4353,g__GGB12784,s__GGB12784_SGB19822,0.328965
bin_242,p__Actinobacteria,c__Actinobacteria,o__Actinomycetales,f__Actinomycetaceae,g__Actinomyces,s__Actinomyces_coleocanis,0.320287
bin_85,p__Proteobacteria,c__Betaproteobacteria,o__Burkholderiales,f__Burkholderiaceae,g__GGB8283,s__GGB8283_SGB12664,0.272662182
bin_56,p__Actinobacteria,c__Actinobacteria,o__Propionibacteriales,f__Propionibacteriaceae,g__Tessaracoccus,s__Tessaracoccus_lapidicaptus,0.2399675
bin_100,p__Firmicutes,c__CFGB1874,o__OFGB1874,f__FGB1874,g__GGB4971,s__GGB4971_SGB6961,0.2782494
bin_319,p__Firmicutes,c__Clostridia,o__Clostridiales,f__Ruminococcaceae,g__Gemmiger,s__Gemmiger_SGB15294,0.192791
bin_239,p__Firmicutes,c__Bacilli,o__Lactobacillales,f__Carnobacteriaceae,g__Trichococcus,s__Trichococcus_flocculiformis,0.09606625
bin_314,p__Firmicutes,c__Negativicutes,o__Acidaminococcales,f__Acidaminococcaceae,g__GGB4254,s__GGB4254_SGB5782,0.2351265
bin_376,p__Actinobacteria,c__Actinobacteria,o__Bifidobacteriales,f__Bifidobacteriaceae,g__Bifidobacterium,s__Bifidobacterium_SGB17274,0.11134
